<?xml version = "1.0" encoding = "UTF-8"?>
<IPC-2581 revision="B" xmlns="http://webstds.ipc.org/2581" xmlns:xsi="http://www.w3.org/2001/XMLSchema-instance" xmlns:xsd="http://www.w3.org/2001/XMLSchema">
  <Content roleRef="Owner">
    <StepRef name="PROJECT2"/>
    <LayerRef name="TOP"/>
    <LayerRef name="SMTP"/>
    <LayerRef name="SPBT"/>
    <LayerRef name="SSTP"/>
    <LayerRef name="ASSYTP"/>
    <LayerRef name="ASSYBT"/>
    <LayerRef name="SPTP"/>
    <LayerRef name="SMBT"/>
    <LayerRef name="SSBT"/>
    <BomRef name="BOM_PROJECT2"/>
    <DictionaryColor>
      <EntryColor id="COLOR_TOP">
        <Color r="38" g="255" b="38"/>
        </EntryColor>
      <EntryColor id="COLOR_SMTP">
        <Color r="99" g="139" b="58"/>
        </EntryColor>
      <EntryColor id="COLOR_SPBT">
        <Color r="99" g="139" b="58"/>
        </EntryColor>
      <EntryColor id="COLOR_SSTP">
        <Color r="99" g="139" b="58"/>
        </EntryColor>
      <EntryColor id="COLOR_ASSYTP">
        <Color r="117" g="255" b="217"/>
        </EntryColor>
      <EntryColor id="COLOR_ASSYBT">
        <Color r="99" g="139" b="58"/>
        </EntryColor>
      <EntryColor id="COLOR_SPTP">
        <Color r="99" g="139" b="58"/>
        </EntryColor>
      <EntryColor id="COLOR_SMBT">
        <Color r="99" g="139" b="58"/>
        </EntryColor>
      <EntryColor id="COLOR_SSBT">
        <Color r="99" g="139" b="58"/>
        </EntryColor>
      </DictionaryColor>
    <DictionaryLineDesc units="MILLIMETER">
      <EntryLineDesc id="ROUND_0">
        <LineDesc lineEnd="ROUND" lineWidth="0.0"/>
        </EntryLineDesc>
      <EntryLineDesc id="ROUND_1270">
        <LineDesc lineEnd="ROUND" lineWidth="0.1270"/>
        </EntryLineDesc>
      <EntryLineDesc id="ROUND_1000">
        <LineDesc lineEnd="ROUND" lineWidth="0.1000"/>
        </EntryLineDesc>
      <EntryLineDesc id="ROUND_1524">
        <LineDesc lineEnd="ROUND" lineWidth="0.1524"/>
        </EntryLineDesc>
      </DictionaryLineDesc>
    <DictionaryFillDesc units="MILLIMETER">
      <EntryFillDesc id="SOLID_FILL">
        <FillDesc fillProperty="FILL"/>
        </EntryFillDesc>
      <EntryFillDesc id="HOLLOW">
        <FillDesc fillProperty="HOLLOW"/>
        </EntryFillDesc>
      </DictionaryFillDesc>
    <DictionaryStandard units="MILLIMETER">
      <EntryStandard id="RECTCENTER_1">
        <RectCenter width="1.1001" height="2.0000">
          <FillDescRef id="SOLID_FILL"/>
          </RectCenter>
        </EntryStandard>
      <EntryStandard id="RECTCENTER_2">
        <RectCenter width="1.2400" height="2.1400">
          <FillDescRef id="SOLID_FILL"/>
          </RectCenter>
        </EntryStandard>
      <EntryStandard id="RECTCENTER_3">
        <RectCenter width="1.0500" height="1.9500">
          <FillDescRef id="SOLID_FILL"/>
          </RectCenter>
        </EntryStandard>
      </DictionaryStandard>
    <DictionaryUser units="MILLIMETER">
      </DictionaryUser>
    </Content>
  <LogisticHeader>
    <Role id="Owner" roleFunction="SENDER"/>
    <Enterprise id="UNKNOWN" code="UNKNOWN"/>
    <Person name="tubbadu" enterpriseRef="UNKNOWN" roleRef="Owner"/>
    </LogisticHeader>
  <HistoryRecord number="1" origination="2024-12-27T17:06:55" software="orcadx_24.1P001(9/4/2024)" lastChange="2024-12-27T17:06:55">
    <FileRevision fileRevisionId="1" comment="">
      <SoftwarePackage name="Allegro" revision="orcadx_24.1P001(9/4/2024)" vendor="Cadence">
        <Certification certificationStatus="CERTIFIED"/>
        </SoftwarePackage>
      </FileRevision>
    </HistoryRecord>
  <Bom name="BOM_PROJECT2">
    <BomHeader assembly="PROJECT2" revision="1.0">
      <StepRef name="PROJECT2"/>
      </BomHeader>
    <BomItem OEMDesignNumberRef="RESISTOR_0_5W_SMD_1206_RESISTOR_RESISTOR_0_5W" quantity="2" pinCount="2" category="ELECTRICAL">
      <RefDes name="R2" packageRef="SMD_1206_RESISTOR" populate="true" layerRef="TOP"/>
      <RefDes name="R1" packageRef="SMD_1206_RESISTOR" populate="true" layerRef="TOP"/>
      <Characteristics category="ELECTRICAL">
        <Textual definitionSource="ALLEGRO" textualCharacteristicName="DEVICE_TYPE" textualCharacteristicValue="RESISTOR_0_5W_SMD_1206_RESISTOR_RESISTOR_0_5W"/>
        <Textual definitionSource="ALLEGRO" textualCharacteristicName="COMP_CLASS" textualCharacteristicValue="IC"/>
        <Textual definitionSource="ALLEGRO" textualCharacteristicName="COMP_VALUE" textualCharacteristicValue="RESISTOR_0_5W"/>
        </Characteristics>
      </BomItem>
    </Bom>
  <Ecad name="Design">
    <CadHeader units="MILLIMETER">
      </CadHeader>
    <CadData>
      <Layer name="TOP" layerFunction="DOCUMENT" side="TOP" polarity="POSITIVE">
        </Layer>
      <Layer name="SMTP" layerFunction="SOLDERMASK" side="TOP" polarity="POSITIVE">
        </Layer>
      <Layer name="SPBT" layerFunction="PASTEMASK" side="BOTTOM" polarity="POSITIVE">
        </Layer>
      <Layer name="SSTP" layerFunction="DOCUMENT" side="TOP" polarity="POSITIVE">
        </Layer>
      <Layer name="ASSYTP" layerFunction="ASSEMBLY" side="TOP" polarity="POSITIVE">
        </Layer>
      <Layer name="ASSYBT" layerFunction="ASSEMBLY" side="BOTTOM" polarity="POSITIVE">
        </Layer>
      <Layer name="SPTP" layerFunction="PASTEMASK" side="TOP" polarity="POSITIVE">
        </Layer>
      <Layer name="SMBT" layerFunction="SOLDERMASK" side="BOTTOM" polarity="POSITIVE">
        </Layer>
      <Layer name="SSBT" layerFunction="DOCUMENT" side="BOTTOM" polarity="POSITIVE">
        </Layer>
      <Step name="PROJECT2">
        <Datum x="0.0" y="0.0"/>
        <Profile>
          <Polygon>
            <PolyBegin x="247.0150" y="211.4550"/>
            <PolyStepSegment x="247.0150" y="236.2200"/>
            <PolyStepSegment x="279.4000" y="236.2200"/>
            <PolyStepSegment x="279.4000" y="211.4550"/>
            <PolyStepSegment x="247.0150" y="211.4550"/>
            </Polygon>
          </Profile>
        <Package name="SMD_1206_RESISTOR" type="OTHER" pinOne="1" pinOneOrientation="OTHER" height="3.8100">
          <Outline>
            <Polygon>
              <PolyBegin x="-2.3135" y="-1.3135"/>
              <PolyStepSegment x="2.3135" y="-1.3135"/>
              <PolyStepSegment x="2.3135" y="1.3135"/>
              <PolyStepSegment x="-2.3135" y="1.3135"/>
              <PolyStepSegment x="-2.3135" y="-1.3135"/>
              </Polygon>
            <LineDescRef id="ROUND_0"/>
            </Outline>
          <PickupPoint x="0.0" y="0.0"/>
          <LandPattern>
            <Pad padstackDefRef="SMD_1206_RESISTOR_PAD">
              <Location x="1.3000" y="0.0"/>
              <StandardPrimitiveRef id="RECTCENTER_1"/>
              <PinRef pin="2"/>
              </Pad>
            <Pad padstackDefRef="SMD_1206_RESISTOR_PAD">
              <Location x="-1.3000" y="0.0"/>
              <StandardPrimitiveRef id="RECTCENTER_1"/>
              <PinRef pin="1"/>
              </Pad>
            </LandPattern>
          <SilkScreen>
            <Marking markingUsage="NONE">
              <Location x="0.0" y="0.0"/>
              <Polyline>
                <PolyBegin x="2.2500" y="1.2500"/>
                <PolyStepSegment x="1.2500" y="1.2500"/>
                <LineDescRef id="ROUND_1270"/>
                </Polyline>
              </Marking>
            <Marking markingUsage="NONE">
              <Location x="0.0" y="0.0"/>
              <Polyline>
                <PolyBegin x="2.2500" y="-1.2500"/>
                <PolyStepSegment x="2.2500" y="1.2500"/>
                <LineDescRef id="ROUND_1270"/>
                </Polyline>
              </Marking>
            <Marking markingUsage="NONE">
              <Location x="0.0" y="0.0"/>
              <Polyline>
                <PolyBegin x="1.2500" y="-1.2500"/>
                <PolyStepSegment x="2.2500" y="-1.2500"/>
                <LineDescRef id="ROUND_1270"/>
                </Polyline>
              </Marking>
            <Marking markingUsage="NONE">
              <Location x="0.0" y="0.0"/>
              <Polyline>
                <PolyBegin x="-2.2500" y="-1.2500"/>
                <PolyStepSegment x="-1.2500" y="-1.2500"/>
                <LineDescRef id="ROUND_1270"/>
                </Polyline>
              </Marking>
            <Marking markingUsage="NONE">
              <Location x="0.0" y="0.0"/>
              <Polyline>
                <PolyBegin x="-2.2500" y="1.2500"/>
                <PolyStepSegment x="-2.2500" y="-1.2500"/>
                <LineDescRef id="ROUND_1270"/>
                </Polyline>
              </Marking>
            <Marking markingUsage="NONE">
              <Location x="0.0" y="0.0"/>
              <Polyline>
                <PolyBegin x="-2.2500" y="1.2500"/>
                <PolyStepSegment x="-1.2500" y="1.2500"/>
                <LineDescRef id="ROUND_1270"/>
                </Polyline>
              </Marking>
            </SilkScreen>
          <AssemblyDrawing>
            <Outline>
              <Polygon>
                <PolyBegin x="-1.5530" y="-0.7766"/>
                <PolyStepSegment x="1.5530" y="-0.7766"/>
                <PolyStepSegment x="1.5530" y="0.7766"/>
                <PolyStepSegment x="-1.5530" y="0.7766"/>
                <PolyStepSegment x="-1.5530" y="-0.7766"/>
                </Polygon>
              <LineDescRef id="ROUND_0"/>
              </Outline>
            <Marking markingUsage="NONE">
              <Location x="0.0" y="0.0"/>
              <Contour>
                <Polygon>
                  <PolyBegin x="-1.5530" y="-0.7766"/>
                  <PolyStepSegment x="1.5530" y="-0.7766"/>
                  <PolyStepSegment x="1.5530" y="0.7766"/>
                  <PolyStepSegment x="-1.5530" y="0.7766"/>
                  <PolyStepSegment x="-1.5530" y="-0.7766"/>
                  <FillDescRef id="SOLID_FILL"/>
                  </Polygon>
                </Contour>
              </Marking>
            </AssemblyDrawing>
          <Pin number="2" type="SURFACE" electricalType="ELECTRICAL">
            <Location x="1.3000" y="0.0"/>
            <StandardPrimitiveRef id="RECTCENTER_1"/>
            </Pin>
          <Pin number="1" type="SURFACE" electricalType="ELECTRICAL">
            <Location x="-1.3000" y="0.0"/>
            <StandardPrimitiveRef id="RECTCENTER_1"/>
            </Pin>
          </Package>
        <LogicalNet name="N000581">
          <PinRef pin="2" componentRef="R1"/>
          <PinRef pin="1" componentRef="R2"/>
          </LogicalNet>
        <LogicalNet name="Unused_0000026AE4014488" netClass="UNUSED">
          <PinRef pin="2" componentRef="R2"/>
          </LogicalNet>
        <LogicalNet name="Unused_0000026AE40145C0" netClass="UNUSED">
          <PinRef pin="1" componentRef="R1"/>
          </LogicalNet>
        <PhyNetGroup name="AllPhyNets">
          <PhyNet name="N000581">
            <PhyNetPoint x="261.6200" y="218.4400" layerRef="TOP" netNode="END" exposure="COVERED_SECONDARY" via="false">
              <StandardPrimitiveRef id="RECTCENTER_1"/>
              </PhyNetPoint>
            <PhyNetPoint x="270.5573" y="222.8638" layerRef="TOP" netNode="END" exposure="COVERED_SECONDARY" via="false">
              <StandardPrimitiveRef id="RECTCENTER_1"/>
              </PhyNetPoint>
            </PhyNet>
          <PhyNet name="Unused_0000026AE4014488">
            <PhyNetPoint x="273.1573" y="222.8638" layerRef="TOP" netNode="END" exposure="COVERED_SECONDARY" via="false">
              <StandardPrimitiveRef id="RECTCENTER_1"/>
              </PhyNetPoint>
            </PhyNet>
          <PhyNet name="Unused_0000026AE40145C0">
            <PhyNetPoint x="259.0200" y="218.4400" layerRef="TOP" netNode="END" exposure="COVERED_SECONDARY" via="false">
              <StandardPrimitiveRef id="RECTCENTER_1"/>
              </PhyNetPoint>
            </PhyNet>
          </PhyNetGroup>
        <LayerFeature layerRef="TOP">
          <Set>
            <ColorRef id="COLOR_TOP"/>
            </Set>
          <Set net="N000581">
            <Features>
              <Location x="0.0" y="0.0"/>
              <Polyline>
                <PolyBegin x="261.6200" y="218.4400"/>
                <PolyStepSegment x="261.6200" y="218.8899"/>
                <PolyStepSegment x="262.4836" y="219.7535"/>
                <PolyStepSegment x="267.8969" y="219.7535"/>
                <PolyStepSegment x="270.5573" y="222.4139"/>
                <PolyStepSegment x="270.5573" y="222.8638"/>
                <LineDescRef id="ROUND_1270"/>
                </Polyline>
              </Features>
            </Set>
          <Set>
            <NonstandardAttribute name="TEXT" value="R1.1" type="STRING"/>
            <Features>
              <Location x="0.0" y="0.0"/>
              <Polyline>
                <PolyBegin x="259.1477" y="215.9000"/>
                <PolyStepSegment x="259.1477" y="216.5350"/>
                <PolyStepSegment x="259.3171" y="216.5350"/>
                <PolyStepSegment x="259.3713" y="216.5032"/>
                <PolyStepSegment x="259.4051" y="216.4609"/>
                <PolyStepSegment x="259.4187" y="216.3762"/>
                <PolyStepSegment x="259.4051" y="216.2916"/>
                <PolyStepSegment x="259.3645" y="216.2387"/>
                <PolyStepSegment x="259.3171" y="216.2069"/>
                <PolyStepSegment x="259.1477" y="216.2069"/>
                <LineDescRef id="ROUND_1000"/>
                </Polyline>
              </Features>
            <Features>
              <Location x="0.0" y="0.0"/>
              <Polyline>
                <PolyBegin x="259.3171" y="216.2069"/>
                <PolyStepSegment x="259.4187" y="215.9000"/>
                <LineDescRef id="ROUND_1000"/>
                </Polyline>
              </Features>
            <Features>
              <Location x="0.0" y="0.0"/>
              <Polyline>
                <PolyBegin x="259.8420" y="215.9000"/>
                <PolyStepSegment x="259.8420" y="216.5350"/>
                <PolyStepSegment x="259.7607" y="216.4080"/>
                <LineDescRef id="ROUND_1000"/>
                </Polyline>
              </Features>
            <Features>
              <Location x="0.0" y="0.0"/>
              <Polyline>
                <PolyBegin x="259.7607" y="215.9000"/>
                <PolyStepSegment x="259.9233" y="215.9000"/>
                <LineDescRef id="ROUND_1000"/>
                </Polyline>
              </Features>
            <Features>
              <Location x="0.0" y="0.0"/>
              <Polyline>
                <PolyBegin x="260.4008" y="215.8788"/>
                <PolyStepSegment x="260.3873" y="215.8894"/>
                <PolyStepSegment x="260.3873" y="215.9106"/>
                <PolyStepSegment x="260.4008" y="215.9212"/>
                <PolyStepSegment x="260.4143" y="215.9106"/>
                <PolyStepSegment x="260.4143" y="215.8894"/>
                <PolyStepSegment x="260.4008" y="215.8788"/>
                <LineDescRef id="ROUND_1000"/>
                </Polyline>
              </Features>
            <Features>
              <Location x="0.0" y="0.0"/>
              <Polyline>
                <PolyBegin x="260.9596" y="215.9000"/>
                <PolyStepSegment x="260.9596" y="216.5350"/>
                <PolyStepSegment x="260.8783" y="216.4080"/>
                <LineDescRef id="ROUND_1000"/>
                </Polyline>
              </Features>
            <Features>
              <Location x="0.0" y="0.0"/>
              <Polyline>
                <PolyBegin x="260.8783" y="215.9000"/>
                <PolyStepSegment x="261.0409" y="215.9000"/>
                <LineDescRef id="ROUND_1000"/>
                </Polyline>
              </Features>
            </Set>
          <Set net="N000581" testPoint="false" padUsage="TERMINATION">
            <NonstandardAttribute name="PADSTACK_USAGE" value="Surface_pin" type="STRING"/>
            <Pad padstackDefRef="SMD_1206_RESISTOR_PAD">
              <Location x="270.5573" y="222.8638"/>
              <StandardPrimitiveRef id="RECTCENTER_1"/>
              <PinRef pin="1" componentRef="R2"/>
              </Pad>
            </Set>
          <Set net="Unused_0000026AE4014488" testPoint="false" padUsage="TERMINATION">
            <NonstandardAttribute name="PADSTACK_USAGE" value="Surface_pin" type="STRING"/>
            <Pad padstackDefRef="SMD_1206_RESISTOR_PAD">
              <Location x="273.1573" y="222.8638"/>
              <StandardPrimitiveRef id="RECTCENTER_1"/>
              <PinRef pin="2" componentRef="R2"/>
              </Pad>
            </Set>
          <Set net="Unused_0000026AE40145C0" testPoint="false" padUsage="TERMINATION">
            <NonstandardAttribute name="PADSTACK_USAGE" value="Surface_pin" type="STRING"/>
            <Pad padstackDefRef="SMD_1206_RESISTOR_PAD">
              <Location x="259.0200" y="218.4400"/>
              <StandardPrimitiveRef id="RECTCENTER_1"/>
              <PinRef pin="1" componentRef="R1"/>
              </Pad>
            </Set>
          <Set net="N000581" testPoint="false" padUsage="TERMINATION">
            <NonstandardAttribute name="PADSTACK_USAGE" value="Surface_pin" type="STRING"/>
            <Pad padstackDefRef="SMD_1206_RESISTOR_PAD">
              <Location x="261.6200" y="218.4400"/>
              <StandardPrimitiveRef id="RECTCENTER_1"/>
              <PinRef pin="2" componentRef="R1"/>
              </Pad>
            </Set>
          </LayerFeature>
        <LayerFeature layerRef="SMTP">
          <Set>
            <ColorRef id="COLOR_SMTP"/>
            </Set>
          <Set>
            <Features>
              <Location x="0.0" y="0.0"/>
              <Polyline>
                <PolyBegin x="247.0150" y="211.4550"/>
                <PolyStepSegment x="247.0150" y="236.2200"/>
                <PolyStepSegment x="279.4000" y="236.2200"/>
                <PolyStepSegment x="279.4000" y="211.4550"/>
                <PolyStepSegment x="247.0150" y="211.4550"/>
                <LineDescRef id="ROUND_1524"/>
                </Polyline>
              </Features>
            </Set>
          <Set net="N000581" testPoint="false" padUsage="TERMINATION">
            <NonstandardAttribute name="PADSTACK_USAGE" value="Surface_pin" type="STRING"/>
            <Pad padstackDefRef="SMD_1206_RESISTOR_PAD">
              <Location x="270.5573" y="222.8638"/>
              <StandardPrimitiveRef id="RECTCENTER_2"/>
              <PinRef pin="1" componentRef="R2"/>
              </Pad>
            </Set>
          <Set net="Unused_0000026AE4014488" testPoint="false" padUsage="TERMINATION">
            <NonstandardAttribute name="PADSTACK_USAGE" value="Surface_pin" type="STRING"/>
            <Pad padstackDefRef="SMD_1206_RESISTOR_PAD">
              <Location x="273.1573" y="222.8638"/>
              <StandardPrimitiveRef id="RECTCENTER_2"/>
              <PinRef pin="2" componentRef="R2"/>
              </Pad>
            </Set>
          <Set net="Unused_0000026AE40145C0" testPoint="false" padUsage="TERMINATION">
            <NonstandardAttribute name="PADSTACK_USAGE" value="Surface_pin" type="STRING"/>
            <Pad padstackDefRef="SMD_1206_RESISTOR_PAD">
              <Location x="259.0200" y="218.4400"/>
              <StandardPrimitiveRef id="RECTCENTER_2"/>
              <PinRef pin="1" componentRef="R1"/>
              </Pad>
            </Set>
          <Set net="N000581" testPoint="false" padUsage="TERMINATION">
            <NonstandardAttribute name="PADSTACK_USAGE" value="Surface_pin" type="STRING"/>
            <Pad padstackDefRef="SMD_1206_RESISTOR_PAD">
              <Location x="261.6200" y="218.4400"/>
              <StandardPrimitiveRef id="RECTCENTER_2"/>
              <PinRef pin="2" componentRef="R1"/>
              </Pad>
            </Set>
          </LayerFeature>
        <LayerFeature layerRef="SPBT">
          <Set>
            <ColorRef id="COLOR_SPBT"/>
            </Set>
          <Set>
            <Features>
              <Location x="0.0" y="0.0"/>
              <Polyline>
                <PolyBegin x="247.0150" y="211.4550"/>
                <PolyStepSegment x="247.0150" y="236.2200"/>
                <PolyStepSegment x="279.4000" y="236.2200"/>
                <PolyStepSegment x="279.4000" y="211.4550"/>
                <PolyStepSegment x="247.0150" y="211.4550"/>
                <LineDescRef id="ROUND_1524"/>
                </Polyline>
              </Features>
            </Set>
          <Set net="N000581" testPoint="false" padUsage="TERMINATION">
            <NonstandardAttribute name="PADSTACK_USAGE" value="Surface_pin" type="STRING"/>
            <Pad padstackDefRef="SMD_1206_RESISTOR_PAD">
              <Location x="270.5573" y="222.8638"/>
              <StandardPrimitiveRef id="RECTCENTER_3"/>
              <PinRef pin="1" componentRef="R2"/>
              </Pad>
            </Set>
          <Set net="Unused_0000026AE4014488" testPoint="false" padUsage="TERMINATION">
            <NonstandardAttribute name="PADSTACK_USAGE" value="Surface_pin" type="STRING"/>
            <Pad padstackDefRef="SMD_1206_RESISTOR_PAD">
              <Location x="273.1573" y="222.8638"/>
              <StandardPrimitiveRef id="RECTCENTER_3"/>
              <PinRef pin="2" componentRef="R2"/>
              </Pad>
            </Set>
          <Set net="Unused_0000026AE40145C0" testPoint="false" padUsage="TERMINATION">
            <NonstandardAttribute name="PADSTACK_USAGE" value="Surface_pin" type="STRING"/>
            <Pad padstackDefRef="SMD_1206_RESISTOR_PAD">
              <Location x="259.0200" y="218.4400"/>
              <StandardPrimitiveRef id="RECTCENTER_3"/>
              <PinRef pin="1" componentRef="R1"/>
              </Pad>
            </Set>
          <Set net="N000581" testPoint="false" padUsage="TERMINATION">
            <NonstandardAttribute name="PADSTACK_USAGE" value="Surface_pin" type="STRING"/>
            <Pad padstackDefRef="SMD_1206_RESISTOR_PAD">
              <Location x="261.6200" y="218.4400"/>
              <StandardPrimitiveRef id="RECTCENTER_3"/>
              <PinRef pin="2" componentRef="R1"/>
              </Pad>
            </Set>
          </LayerFeature>
        <LayerFeature layerRef="SSTP">
          <Set>
            <ColorRef id="COLOR_SSTP"/>
            </Set>
          <Set componentRef="R2">
            <Features>
              <Location x="0.0" y="0.0"/>
              <Polyline>
                <PolyBegin x="269.6073" y="224.1138"/>
                <PolyStepSegment x="270.6073" y="224.1138"/>
                <LineDescRef id="ROUND_1270"/>
                </Polyline>
              </Features>
            </Set>
          <Set componentRef="R2">
            <Features>
              <Location x="0.0" y="0.0"/>
              <Polyline>
                <PolyBegin x="269.6073" y="224.1138"/>
                <PolyStepSegment x="269.6073" y="221.6138"/>
                <LineDescRef id="ROUND_1270"/>
                </Polyline>
              </Features>
            </Set>
          <Set componentRef="R2">
            <Features>
              <Location x="0.0" y="0.0"/>
              <Polyline>
                <PolyBegin x="269.6073" y="221.6138"/>
                <PolyStepSegment x="270.6073" y="221.6138"/>
                <LineDescRef id="ROUND_1270"/>
                </Polyline>
              </Features>
            </Set>
          <Set componentRef="R2">
            <Features>
              <Location x="0.0" y="0.0"/>
              <Polyline>
                <PolyBegin x="273.1073" y="221.6138"/>
                <PolyStepSegment x="274.1073" y="221.6138"/>
                <LineDescRef id="ROUND_1270"/>
                </Polyline>
              </Features>
            </Set>
          <Set componentRef="R2">
            <Features>
              <Location x="0.0" y="0.0"/>
              <Polyline>
                <PolyBegin x="274.1073" y="221.6138"/>
                <PolyStepSegment x="274.1073" y="224.1138"/>
                <LineDescRef id="ROUND_1270"/>
                </Polyline>
              </Features>
            </Set>
          <Set componentRef="R2">
            <Features>
              <Location x="0.0" y="0.0"/>
              <Polyline>
                <PolyBegin x="274.1073" y="224.1138"/>
                <PolyStepSegment x="273.1073" y="224.1138"/>
                <LineDescRef id="ROUND_1270"/>
                </Polyline>
              </Features>
            </Set>
          <Set componentRef="R2">
            <NonstandardAttribute name="TEXT" value="R2" type="STRING"/>
            <Features>
              <Location x="0.0" y="0.0"/>
              <Polyline>
                <PolyBegin x="270.8879" y="233.0238"/>
                <PolyStepSegment x="270.8879" y="234.2938"/>
                <PolyStepSegment x="271.2900" y="234.2938"/>
                <PolyStepSegment x="271.4187" y="234.2303"/>
                <PolyStepSegment x="271.4992" y="234.1456"/>
                <PolyStepSegment x="271.5313" y="233.9763"/>
                <PolyStepSegment x="271.4992" y="233.8070"/>
                <PolyStepSegment x="271.4026" y="233.7011"/>
                <PolyStepSegment x="271.2900" y="233.6376"/>
                <PolyStepSegment x="270.8879" y="233.6376"/>
                <LineDescRef id="ROUND_1000"/>
                </Polyline>
              </Features>
            <Features>
              <Location x="0.0" y="0.0"/>
              <Polyline>
                <PolyBegin x="271.2900" y="233.6376"/>
                <PolyStepSegment x="271.5313" y="233.0238"/>
                <LineDescRef id="ROUND_1000"/>
                </Polyline>
              </Features>
            <Features>
              <Location x="0.0" y="0.0"/>
              <Polyline>
                <PolyBegin x="272.1993" y="234.0821"/>
                <PolyStepSegment x="272.2959" y="234.2091"/>
                <PolyStepSegment x="272.4085" y="234.2726"/>
                <PolyStepSegment x="272.5372" y="234.2938"/>
                <PolyStepSegment x="272.6980" y="234.2515"/>
                <PolyStepSegment x="272.8107" y="234.1456"/>
                <PolyStepSegment x="272.8428" y="234.0187"/>
                <PolyStepSegment x="272.8267" y="233.8916"/>
                <PolyStepSegment x="272.7624" y="233.7858"/>
                <PolyStepSegment x="272.4407" y="233.5741"/>
                <PolyStepSegment x="272.2959" y="233.4260"/>
                <PolyStepSegment x="272.1993" y="233.2143"/>
                <PolyStepSegment x="272.1672" y="233.0238"/>
                <PolyStepSegment x="272.8428" y="233.0238"/>
                <LineDescRef id="ROUND_1000"/>
                </Polyline>
              </Features>
            </Set>
          <Set componentRef="R1">
            <Features>
              <Location x="0.0" y="0.0"/>
              <Polyline>
                <PolyBegin x="258.0700" y="219.6900"/>
                <PolyStepSegment x="259.0700" y="219.6900"/>
                <LineDescRef id="ROUND_1270"/>
                </Polyline>
              </Features>
            </Set>
          <Set componentRef="R1">
            <Features>
              <Location x="0.0" y="0.0"/>
              <Polyline>
                <PolyBegin x="258.0700" y="219.6900"/>
                <PolyStepSegment x="258.0700" y="217.1900"/>
                <LineDescRef id="ROUND_1270"/>
                </Polyline>
              </Features>
            </Set>
          <Set componentRef="R1">
            <Features>
              <Location x="0.0" y="0.0"/>
              <Polyline>
                <PolyBegin x="258.0700" y="217.1900"/>
                <PolyStepSegment x="259.0700" y="217.1900"/>
                <LineDescRef id="ROUND_1270"/>
                </Polyline>
              </Features>
            </Set>
          <Set componentRef="R1">
            <Features>
              <Location x="0.0" y="0.0"/>
              <Polyline>
                <PolyBegin x="261.5700" y="217.1900"/>
                <PolyStepSegment x="262.5700" y="217.1900"/>
                <LineDescRef id="ROUND_1270"/>
                </Polyline>
              </Features>
            </Set>
          <Set componentRef="R1">
            <Features>
              <Location x="0.0" y="0.0"/>
              <Polyline>
                <PolyBegin x="262.5700" y="217.1900"/>
                <PolyStepSegment x="262.5700" y="219.6900"/>
                <LineDescRef id="ROUND_1270"/>
                </Polyline>
              </Features>
            </Set>
          <Set componentRef="R1">
            <Features>
              <Location x="0.0" y="0.0"/>
              <Polyline>
                <PolyBegin x="262.5700" y="219.6900"/>
                <PolyStepSegment x="261.5700" y="219.6900"/>
                <LineDescRef id="ROUND_1270"/>
                </Polyline>
              </Features>
            </Set>
          <Set componentRef="R1">
            <NonstandardAttribute name="TEXT" value="R1" type="STRING"/>
            <Features>
              <Location x="0.0" y="0.0"/>
              <Polyline>
                <PolyBegin x="259.3506" y="228.6000"/>
                <PolyStepSegment x="259.3506" y="229.8700"/>
                <PolyStepSegment x="259.7527" y="229.8700"/>
                <PolyStepSegment x="259.8814" y="229.8065"/>
                <PolyStepSegment x="259.9619" y="229.7218"/>
                <PolyStepSegment x="259.9940" y="229.5525"/>
                <PolyStepSegment x="259.9619" y="229.3832"/>
                <PolyStepSegment x="259.8653" y="229.2773"/>
                <PolyStepSegment x="259.7527" y="229.2138"/>
                <PolyStepSegment x="259.3506" y="229.2138"/>
                <LineDescRef id="ROUND_1000"/>
                </Polyline>
              </Features>
            <Features>
              <Location x="0.0" y="0.0"/>
              <Polyline>
                <PolyBegin x="259.7527" y="229.2138"/>
                <PolyStepSegment x="259.9940" y="228.6000"/>
                <LineDescRef id="ROUND_1000"/>
                </Polyline>
              </Features>
            <Features>
              <Location x="0.0" y="0.0"/>
              <Polyline>
                <PolyBegin x="260.9677" y="228.6000"/>
                <PolyStepSegment x="260.9677" y="229.8700"/>
                <PolyStepSegment x="260.7747" y="229.6160"/>
                <LineDescRef id="ROUND_1000"/>
                </Polyline>
              </Features>
            <Features>
              <Location x="0.0" y="0.0"/>
              <Polyline>
                <PolyBegin x="260.7747" y="228.6000"/>
                <PolyStepSegment x="261.1607" y="228.6000"/>
                <LineDescRef id="ROUND_1000"/>
                </Polyline>
              </Features>
            </Set>
          <Set>
            <Features>
              <Location x="0.0" y="0.0"/>
              <Polyline>
                <PolyBegin x="247.0150" y="211.4550"/>
                <PolyStepSegment x="247.0150" y="236.2200"/>
                <PolyStepSegment x="279.4000" y="236.2200"/>
                <PolyStepSegment x="279.4000" y="211.4550"/>
                <PolyStepSegment x="247.0150" y="211.4550"/>
                <LineDescRef id="ROUND_1524"/>
                </Polyline>
              </Features>
            </Set>
          </LayerFeature>
        <LayerFeature layerRef="ASSYTP">
          <Set>
            <ColorRef id="COLOR_ASSYTP"/>
            </Set>
          <Set componentRef="R2">
            <Features>
              <Location x="0.0" y="0.0"/>
              <Contour>
                <Polygon>
                  <PolyBegin x="270.3043" y="222.0872"/>
                  <PolyStepSegment x="273.4103" y="222.0872"/>
                  <PolyStepSegment x="273.4103" y="223.6404"/>
                  <PolyStepSegment x="270.3043" y="223.6404"/>
                  <PolyStepSegment x="270.3043" y="222.0872"/>
                  <FillDescRef id="SOLID_FILL"/>
                  </Polygon>
                </Contour>
              </Features>
            </Set>
          <Set componentRef="R2">
            <NonstandardAttribute name="TEXT" value="R2" type="STRING"/>
            <Features>
              <Location x="0.0" y="0.0"/>
              <Polyline>
                <PolyBegin x="270.6928" y="224.3936"/>
                <PolyStepSegment x="270.6928" y="225.6636"/>
                <PolyStepSegment x="271.0949" y="225.6636"/>
                <PolyStepSegment x="271.2236" y="225.6001"/>
                <PolyStepSegment x="271.3041" y="225.5154"/>
                <PolyStepSegment x="271.3362" y="225.3461"/>
                <PolyStepSegment x="271.3041" y="225.1768"/>
                <PolyStepSegment x="271.2075" y="225.0709"/>
                <PolyStepSegment x="271.0949" y="225.0074"/>
                <PolyStepSegment x="270.6928" y="225.0074"/>
                <LineDescRef id="ROUND_1000"/>
                </Polyline>
              </Features>
            <Features>
              <Location x="0.0" y="0.0"/>
              <Polyline>
                <PolyBegin x="271.0949" y="225.0074"/>
                <PolyStepSegment x="271.3362" y="224.3936"/>
                <LineDescRef id="ROUND_1000"/>
                </Polyline>
              </Features>
            <Features>
              <Location x="0.0" y="0.0"/>
              <Polyline>
                <PolyBegin x="272.0042" y="225.4519"/>
                <PolyStepSegment x="272.1008" y="225.5789"/>
                <PolyStepSegment x="272.2134" y="225.6424"/>
                <PolyStepSegment x="272.3421" y="225.6636"/>
                <PolyStepSegment x="272.5029" y="225.6213"/>
                <PolyStepSegment x="272.6156" y="225.5154"/>
                <PolyStepSegment x="272.6477" y="225.3885"/>
                <PolyStepSegment x="272.6316" y="225.2614"/>
                <PolyStepSegment x="272.5673" y="225.1556"/>
                <PolyStepSegment x="272.2456" y="224.9439"/>
                <PolyStepSegment x="272.1008" y="224.7958"/>
                <PolyStepSegment x="272.0042" y="224.5841"/>
                <PolyStepSegment x="271.9721" y="224.3936"/>
                <PolyStepSegment x="272.6477" y="224.3936"/>
                <LineDescRef id="ROUND_1000"/>
                </Polyline>
              </Features>
            </Set>
          <Set componentRef="R1">
            <Features>
              <Location x="0.0" y="0.0"/>
              <Contour>
                <Polygon>
                  <PolyBegin x="258.7670" y="217.6634"/>
                  <PolyStepSegment x="261.8730" y="217.6634"/>
                  <PolyStepSegment x="261.8730" y="219.2166"/>
                  <PolyStepSegment x="258.7670" y="219.2166"/>
                  <PolyStepSegment x="258.7670" y="217.6634"/>
                  <FillDescRef id="SOLID_FILL"/>
                  </Polygon>
                </Contour>
              </Features>
            </Set>
          <Set componentRef="R1">
            <NonstandardAttribute name="TEXT" value="R1" type="STRING"/>
            <Features>
              <Location x="0.0" y="0.0"/>
              <Polyline>
                <PolyBegin x="259.1555" y="219.9698"/>
                <PolyStepSegment x="259.1555" y="221.2398"/>
                <PolyStepSegment x="259.5576" y="221.2398"/>
                <PolyStepSegment x="259.6863" y="221.1763"/>
                <PolyStepSegment x="259.7668" y="221.0916"/>
                <PolyStepSegment x="259.7989" y="220.9223"/>
                <PolyStepSegment x="259.7668" y="220.7530"/>
                <PolyStepSegment x="259.6702" y="220.6471"/>
                <PolyStepSegment x="259.5576" y="220.5836"/>
                <PolyStepSegment x="259.1555" y="220.5836"/>
                <LineDescRef id="ROUND_1000"/>
                </Polyline>
              </Features>
            <Features>
              <Location x="0.0" y="0.0"/>
              <Polyline>
                <PolyBegin x="259.5576" y="220.5836"/>
                <PolyStepSegment x="259.7989" y="219.9698"/>
                <LineDescRef id="ROUND_1000"/>
                </Polyline>
              </Features>
            <Features>
              <Location x="0.0" y="0.0"/>
              <Polyline>
                <PolyBegin x="260.7726" y="219.9698"/>
                <PolyStepSegment x="260.7726" y="221.2398"/>
                <PolyStepSegment x="260.5796" y="220.9858"/>
                <LineDescRef id="ROUND_1000"/>
                </Polyline>
              </Features>
            <Features>
              <Location x="0.0" y="0.0"/>
              <Polyline>
                <PolyBegin x="260.5796" y="219.9698"/>
                <PolyStepSegment x="260.9656" y="219.9698"/>
                <LineDescRef id="ROUND_1000"/>
                </Polyline>
              </Features>
            </Set>
          <Set>
            <Features>
              <Location x="0.0" y="0.0"/>
              <Polyline>
                <PolyBegin x="247.0150" y="211.4550"/>
                <PolyStepSegment x="247.0150" y="236.2200"/>
                <PolyStepSegment x="279.4000" y="236.2200"/>
                <PolyStepSegment x="279.4000" y="211.4550"/>
                <PolyStepSegment x="247.0150" y="211.4550"/>
                <LineDescRef id="ROUND_1524"/>
                </Polyline>
              </Features>
            </Set>
          </LayerFeature>
        <LayerFeature layerRef="ASSYBT">
          <Set>
            <ColorRef id="COLOR_ASSYBT"/>
            </Set>
          <Set>
            <Features>
              <Location x="0.0" y="0.0"/>
              <Polyline>
                <PolyBegin x="247.0150" y="211.4550"/>
                <PolyStepSegment x="247.0150" y="236.2200"/>
                <PolyStepSegment x="279.4000" y="236.2200"/>
                <PolyStepSegment x="279.4000" y="211.4550"/>
                <PolyStepSegment x="247.0150" y="211.4550"/>
                <LineDescRef id="ROUND_1524"/>
                </Polyline>
              </Features>
            </Set>
          </LayerFeature>
        <LayerFeature layerRef="SPTP">
          <Set>
            <ColorRef id="COLOR_SPTP"/>
            </Set>
          <Set>
            <Features>
              <Location x="0.0" y="0.0"/>
              <Polyline>
                <PolyBegin x="247.0150" y="211.4550"/>
                <PolyStepSegment x="247.0150" y="236.2200"/>
                <PolyStepSegment x="279.4000" y="236.2200"/>
                <PolyStepSegment x="279.4000" y="211.4550"/>
                <PolyStepSegment x="247.0150" y="211.4550"/>
                <LineDescRef id="ROUND_1524"/>
                </Polyline>
              </Features>
            </Set>
          </LayerFeature>
        <LayerFeature layerRef="SMBT">
          <Set>
            <ColorRef id="COLOR_SMBT"/>
            </Set>
          <Set>
            <Features>
              <Location x="0.0" y="0.0"/>
              <Polyline>
                <PolyBegin x="247.0150" y="211.4550"/>
                <PolyStepSegment x="247.0150" y="236.2200"/>
                <PolyStepSegment x="279.4000" y="236.2200"/>
                <PolyStepSegment x="279.4000" y="211.4550"/>
                <PolyStepSegment x="247.0150" y="211.4550"/>
                <LineDescRef id="ROUND_1524"/>
                </Polyline>
              </Features>
            </Set>
          </LayerFeature>
        <LayerFeature layerRef="SSBT">
          <Set>
            <ColorRef id="COLOR_SSBT"/>
            </Set>
          <Set>
            <Features>
              <Location x="0.0" y="0.0"/>
              <Polyline>
                <PolyBegin x="247.0150" y="211.4550"/>
                <PolyStepSegment x="247.0150" y="236.2200"/>
                <PolyStepSegment x="279.4000" y="236.2200"/>
                <PolyStepSegment x="279.4000" y="211.4550"/>
                <PolyStepSegment x="247.0150" y="211.4550"/>
                <LineDescRef id="ROUND_1524"/>
                </Polyline>
              </Features>
            </Set>
          </LayerFeature>
        </Step>
      </CadData>
    </Ecad>
  </IPC-2581>
